,test_score,training_score,cv_mean_score,cv_vs_test,train_vs_test
ridge,0.7636281814090704,0.7658933582413451,0.7658733586718338,0.22451772627634092,0.22651768322746735
tree,0.768198409920496,0.7777780000120007,0.7698715750036357,0.16731650831396383,0.9579590091504664
bernoulli,0.7639881994099705,0.7661573724981149,0.7661793755927772,0.219117618280662,0.21691730881443494
